"NPI","Entity Type Code","Replacement NPI","Employer Identification Number (EIN)","Provider Organization Name (Legal Business Name)","Provider Last Name (Legal Name)","Provider First Name","Provider Middle Name","Provider Name Prefix Text","Provider Name Suffix Text","Provider Credential Text","Provider Other Organization Name","Provider Other Organization Name Type Code","Provider Other Last Name","Provider Other First Name","Provider Other Middle Name","Provider Other Name Prefix Text","Provider Other Name Suffix Text","Provider Other Credential Text","Provider Other Last Name Type Code","Provider First Line Business Mailing Address","Provider Second Line Business Mailing Address","Provider Business Mailing Address City Name","Provider Business Mailing Address State Name","Provider Business Mailing Address Postal Code","Provider Business Mailing Address Country Code (If outside U.S.)","Provider Business Mailing Address Telephone Number","Provider Business Mailing Address Fax Number","Provider First Line Business Practice Location Address","Provider Second Line Business Practice Location Address","Provider Business Practice Location Address City Name","Provider Business Practice Location Address State Name","Provider Business Practice Location Address Postal Code","Provider Business Practice Location Address Country Code (If outside U.S.)","Provider Business Practice Location Address Telephone Number","Provider Business Practice Location Address Fax Number","Provider Enumeration Date","Last Update Date","NPI Deactivation Reason Code","NPI Deactivation Date","NPI Reactivation Date","Provider Gender Code","Authorized Official Last Name","Authorized Official First Name","Authorized Official Middle Name","Authorized Official Title or Position","Authorized Official Telephone Number","Healthcare Provider Taxonomy Code_1","Provider License Number_1","Provider License Number State Code_1","Healthcare Provider Primary Taxonomy Switch_1","Healthcare Provider Taxonomy Code_2","Provider License Number_2","Provider License Number State Code_2","Healthcare Provider Primary Taxonomy Switch_2","Healthcare Provider Taxonomy Code_3","Provider License Number_3","Provider License Number State Code_3","Healthcare Provider Primary Taxonomy Switch_3","Healthcare Provider Taxonomy Code_4","Provider License Number_4","Provider License Number State Code_4","Healthcare Provider Primary Taxonomy Switch_4","Healthcare Provider Taxonomy Code_5","Provider License Number_5","Provider License Number State Code_5","Healthcare Provider Primary Taxonomy Switch_5","Healthcare Provider Taxonomy Code_6","Provider License Number_6","Provider License Number State Code_6","Healthcare Provider Primary Taxonomy Switch_6","Healthcare Provider Taxonomy Code_7","Provider License Number_7","Provider License Number State Code_7","Healthcare Provider Primary Taxonomy Switch_7","Healthcare Provider Taxonomy Code_8","Provider License Number_8","Provider License Number State Code_8","Healthcare Provider Primary Taxonomy Switch_8","Healthcare Provider Taxonomy Code_9","Provider License Number_9","Provider License Number State Code_9","Healthcare Provider Primary Taxonomy Switch_9","Healthcare Provider Taxonomy Code_10","Provider License Number_10","Provider License Number State Code_10","Healthcare Provider Primary Taxonomy Switch_10","Healthcare Provider Taxonomy Code_11","Provider License Number_11","Provider License Number State Code_11","Healthcare Provider Primary Taxonomy Switch_11","Healthcare Provider Taxonomy Code_12","Provider License Number_12","Provider License Number State Code_12","Healthcare Provider Primary Taxonomy Switch_12","Healthcare Provider Taxonomy Code_13","Provider License Number_13","Provider License Number State Code_13","Healthcare Provider Primary Taxonomy Switch_13","Healthcare Provider Taxonomy Code_14","Provider License Number_14","Provider License Number State Code_14","Healthcare Provider Primary Taxonomy Switch_14","Healthcare Provider Taxonomy Code_15","Provider License Number_15","Provider License Number State Code_15","Healthcare Provider Primary Taxonomy Switch_15","Other Provider Identifier_1","Other Provider Identifier Type Code_1","Other Provider Identifier State_1","Other Provider Identifier Issuer_1","Other Provider Identifier_2","Other Provider Identifier Type Code_2","Other Provider Identifier State_2","Other Provider Identifier Issuer_2","Other Provider Identifier_3","Other Provider Identifier Type Code_3","Other Provider Identifier State_3","Other Provider Identifier Issuer_3","Other Provider Identifier_4","Other Provider Identifier Type Code_4","Other Provider Identifier State_4","Other Provider Identifier Issuer_4","Other Provider Identifier_5","Other Provider Identifier Type Code_5","Other Provider Identifier State_5","Other Provider Identifier Issuer_5","Other Provider Identifier_6","Other Provider Identifier Type Code_6","Other Provider Identifier State_6","Other Provider Identifier Issuer_6","Other Provider Identifier_7","Other Provider Identifier Type Code_7","Other Provider Identifier State_7","Other Provider Identifier Issuer_7","Other Provider Identifier_8","Other Provider Identifier Type Code_8","Other Provider Identifier State_8","Other Provider Identifier Issuer_8","Other Provider Identifier_9","Other Provider Identifier Type Code_9","Other Provider Identifier State_9","Other Provider Identifier Issuer_9","Other Provider Identifier_10","Other Provider Identifier Type Code_10","Other Provider Identifier State_10","Other Provider Identifier Issuer_10","Other Provider Identifier_11","Other Provider Identifier Type Code_11","Other Provider Identifier State_11","Other Provider Identifier Issuer_11","Other Provider Identifier_12","Other Provider Identifier Type Code_12","Other Provider Identifier State_12","Other Provider Identifier Issuer_12","Other Provider Identifier_13","Other Provider Identifier Type Code_13","Other Provider Identifier State_13","Other Provider Identifier Issuer_13","Other Provider Identifier_14","Other Provider Identifier Type Code_14","Other Provider Identifier State_14","Other Provider Identifier Issuer_14","Other Provider Identifier_15","Other Provider Identifier Type Code_15","Other Provider Identifier State_15","Other Provider Identifier Issuer_15","Other Provider Identifier_16","Other Provider Identifier Type Code_16","Other Provider Identifier State_16","Other Provider Identifier Issuer_16","Other Provider Identifier_17","Other Provider Identifier Type Code_17","Other Provider Identifier State_17","Other Provider Identifier Issuer_17","Other Provider Identifier_18","Other Provider Identifier Type Code_18","Other Provider Identifier State_18","Other Provider Identifier Issuer_18","Other Provider Identifier_19","Other Provider Identifier Type Code_19","Other Provider Identifier State_19","Other Provider Identifier Issuer_19","Other Provider Identifier_20","Other Provider Identifier Type Code_20","Other Provider Identifier State_20","Other Provider Identifier Issuer_20","Other Provider Identifier_21","Other Provider Identifier Type Code_21","Other Provider Identifier State_21","Other Provider Identifier Issuer_21","Other Provider Identifier_22","Other Provider Identifier Type Code_22","Other Provider Identifier State_22","Other Provider Identifier Issuer_22","Other Provider Identifier_23","Other Provider Identifier Type Code_23","Other Provider Identifier State_23","Other Provider Identifier Issuer_23","Other Provider Identifier_24","Other Provider Identifier Type Code_24","Other Provider Identifier State_24","Other Provider Identifier Issuer_24","Other Provider Identifier_25","Other Provider Identifier Type Code_25","Other Provider Identifier State_25","Other Provider Identifier Issuer_25","Other Provider Identifier_26","Other Provider Identifier Type Code_26","Other Provider Identifier State_26","Other Provider Identifier Issuer_26","Other Provider Identifier_27","Other Provider Identifier Type Code_27","Other Provider Identifier State_27","Other Provider Identifier Issuer_27","Other Provider Identifier_28","Other Provider Identifier Type Code_28","Other Provider Identifier State_28","Other Provider Identifier Issuer_28","Other Provider Identifier_29","Other Provider Identifier Type Code_29","Other Provider Identifier State_29","Other Provider Identifier Issuer_29","Other Provider Identifier_30","Other Provider Identifier Type Code_30","Other Provider Identifier State_30","Other Provider Identifier Issuer_30","Other Provider Identifier_31","Other Provider Identifier Type Code_31","Other Provider Identifier State_31","Other Provider Identifier Issuer_31","Other Provider Identifier_32","Other Provider Identifier Type Code_32","Other Provider Identifier State_32","Other Provider Identifier Issuer_32","Other Provider Identifier_33","Other Provider Identifier Type Code_33","Other Provider Identifier State_33","Other Provider Identifier Issuer_33","Other Provider Identifier_34","Other Provider Identifier Type Code_34","Other Provider Identifier State_34","Other Provider Identifier Issuer_34","Other Provider Identifier_35","Other Provider Identifier Type Code_35","Other Provider Identifier State_35","Other Provider Identifier Issuer_35","Other Provider Identifier_36","Other Provider Identifier Type Code_36","Other Provider Identifier State_36","Other Provider Identifier Issuer_36","Other Provider Identifier_37","Other Provider Identifier Type Code_37","Other Provider Identifier State_37","Other Provider Identifier Issuer_37","Other Provider Identifier_38","Other Provider Identifier Type Code_38","Other Provider Identifier State_38","Other Provider Identifier Issuer_38","Other Provider Identifier_39","Other Provider Identifier Type Code_39","Other Provider Identifier State_39","Other Provider Identifier Issuer_39","Other Provider Identifier_40","Other Provider Identifier Type Code_40","Other Provider Identifier State_40","Other Provider Identifier Issuer_40","Other Provider Identifier_41","Other Provider Identifier Type Code_41","Other Provider Identifier State_41","Other Provider Identifier Issuer_41","Other Provider Identifier_42","Other Provider Identifier Type Code_42","Other Provider Identifier State_42","Other Provider Identifier Issuer_42","Other Provider Identifier_43","Other Provider Identifier Type Code_43","Other Provider Identifier State_43","Other Provider Identifier Issuer_43","Other Provider Identifier_44","Other Provider Identifier Type Code_44","Other Provider Identifier State_44","Other Provider Identifier Issuer_44","Other Provider Identifier_45","Other Provider Identifier Type Code_45","Other Provider Identifier State_45","Other Provider Identifier Issuer_45","Other Provider Identifier_46","Other Provider Identifier Type Code_46","Other Provider Identifier State_46","Other Provider Identifier Issuer_46","Other Provider Identifier_47","Other Provider Identifier Type Code_47","Other Provider Identifier State_47","Other Provider Identifier Issuer_47","Other Provider Identifier_48","Other Provider Identifier Type Code_48","Other Provider Identifier State_48","Other Provider Identifier Issuer_48","Other Provider Identifier_49","Other Provider Identifier Type Code_49","Other Provider Identifier State_49","Other Provider Identifier Issuer_49","Other Provider Identifier_50","Other Provider Identifier Type Code_50","Other Provider Identifier State_50","Other Provider Identifier Issuer_50","Is Sole Proprietor","Is Organization Subpart","Parent Organization LBN","Parent Organization TIN","Authorized Official Name Prefix Text","Authorized Official Name Suffix Text","Authorized Official Credential Text","Healthcare Provider Taxonomy Group_1","Healthcare Provider Taxonomy Group_2","Healthcare Provider Taxonomy Group_3","Healthcare Provider Taxonomy Group_4","Healthcare Provider Taxonomy Group_5","Healthcare Provider Taxonomy Group_6","Healthcare Provider Taxonomy Group_7","Healthcare Provider Taxonomy Group_8","Healthcare Provider Taxonomy Group_9","Healthcare Provider Taxonomy Group_10","Healthcare Provider Taxonomy Group_11","Healthcare Provider Taxonomy Group_12","Healthcare Provider Taxonomy Group_13","Healthcare Provider Taxonomy Group_14","Healthcare Provider Taxonomy Group_15"
"1255334207","1","","","","SOUCIER","RICHARD","","","","MD","","","","","","","","","","1000 ASYLUM AVE","STE 4309","HARTFORD","CT","061051770","US","8607146581","8607148311","114 WOODLAND ST","","HARTFORD","CT","061051208","US","8607144820","8607148001","05/23/2005","09/27/2016","","","","M","","","","","","207RC0000X","033435","CT","Y","207RA0001X","033435","CT","N","","","","","","","","","","","","","","","","","","","","","","","","","","","","","","","","","","","","","","","","","","","","","","","","","","","","","001334359","05","CT","","","","","","","","","","","","","","","","","","","","","","","","","","","","","","","","","","","","","","","","","","","","","","","","","","","","","","","","","","","","","","","","","","","","","","","","","","","","","","","","","","","","","","","","","","","","","","","","","","","","","","","","","","","","","","","","","","","","","","","","","","","","","","","","","","","","","","","","","","","","","","","","","","","","","","","","","","","","","","","","","","","","","","","","","","","","","","","","","","","","","","","","","","","","","","","","","","","","","","N","","","","","","","","","","","","","","","","","","","","",""
"1740283779","1","","","","JAVIER","EMMANUEL","","","","MD","","","","","","","","","","30 JORDAN LN","","WETHERSFIELD","CT","061091278","US","8602630253","8602630262","1000 ASYLUM AVE","SUITE 4310","HARTFORD","CT","061051770","US","8602472137","8607280480","05/23/2005","02/07/2014","","","","M","","","","","","207RE0101X","028901","CT","Y","","","","","","","","","","","","","","","","","","","","","","","","","","","","","","","","","","","","","","","","","","","","","","","","","","","","","","","","","001289017","05","CT","","","","","","","","","","","","","","","","","","","","","","","","","","","","","","","","","","","","","","","","","","","","","","","","","","","","","","","","","","","","","","","","","","","","","","","","","","","","","","","","","","","","","","","","","","","","","","","","","","","","","","","","","","","","","","","","","","","","","","","","","","","","","","","","","","","","","","","","","","","","","","","","","","","","","","","","","","","","","","","","","","","","","","","","","","","","","","","","","","","","","","","","","","","","","","","","","","","","","","N","","","","","","","","","","","","","","","","","","","","",""
"1982607917","1","","","","ROWLAND","FREDERICK","","","","MD","","","","","","","","","","1200 CENTRE ST","DEPARTMENT OF MEDICINE","ROSLINDALE","MA","021311000","US","6173638293","6173638929","1200 CENTRE ST","DEPARTMENT OF MEDICINE","ROSLINDALE","MA","021311000","US","6173638293","6173638929","05/23/2005","03/03/2015","","","","M","","","","","","207RG0300X","246645","MA","Y","","","","","","","","","","","","","","","","","","","","","","","","","","","","","","","","","","","","","","","","","","","","","","","","","","","","","","","","","002113901","01","MA","MEDICARE PTAN","","","","","","","","","","","","","","","","","","","","","","","","","","","","","","","","","","","","","","","","","","","","","","","","","","","","","","","","","","","","","","","","","","","","","","","","","","","","","","","","","","","","","","","","","","","","","","","","","","","","","","","","","","","","","","","","","","","","","","","","","","","","","","","","","","","","","","","","","","","","","","","","","","","","","","","","","","","","","","","","","","","","","","","","","","","","","","","","","","","","","","","","","","","","","","","","","","","","","N","","","","","","","","","","","","","","","","","","","","",""
"1316940463","1","","","","DIEZ","JORGE","L.","","","MD","","","","","","","","","","30 JORDAN LN","","WETHERSFIELD","CT","061091278","US","8602630253","8602630262","893 MAIN ST STE 202","","EAST HARTFORD","CT","061082293","US","8602472137","8607280480","05/23/2005","10/29/2018","","","","M","","","","","","207RE0101X","042533","CT","Y","","","","","","","","","","","","","","","","","","","","","","","","","","","","","","","","","","","","","","","","","","","","","","","","","","","","","","","","","001425330","05","CT","","","","","","","","","","","","","","","","","","","","","","","","","","","","","","","","","","","","","","","","","","","","","","","","","","","","","","","","","","","","","","","","","","","","","","","","","","","","","","","","","","","","","","","","","","","","","","","","","","","","","","","","","","","","","","","","","","","","","","","","","","","","","","","","","","","","","","","","","","","","","","","","","","","","","","","","","","","","","","","","","","","","","","","","","","","","","","","","","","","","","","","","","","","","","","","","","","","","","","N","","","","","","","","","","","","","","","","","","","","",""
"1023011061","1","","","","LETIEN","WALTER","CARY","DR.","","AU.D.","","","","","","","","","","266 CABOT ST","P.O. BOX 488","BEVERLY","MA","019153370","US","9789221888","9789274608","266 CABOT ST","SUITE 3","BEVERLY","MA","019153370","US","9789221888","9789274608","05/23/2005","07/09/2007","","","","M","","","","","","231H00000X","123","MA","X","237600000X","123","MA","X","","","","","","","","","","","","","","","","","","","","","","","","","","","","","","","","","","","","","","","","","","","","","","","","","","","","","9774726","05","MA","","","","","","","","","","","","","","","","","","","","","","","","","","","","","","","","","","","","","","","","","","","","","","","","","","","","","","","","","","","","","","","","","","","","","","","","","","","","","","","","","","","","","","","","","","","","","","","","","","","","","","","","","","","","","","","","","","","","","","","","","","","","","","","","","","","","","","","","","","","","","","","","","","","","","","","","","","","","","","","","","","","","","","","","","","","","","","","","","","","","","","","","","","","","","","","","","","","","","","Y","","","","","","","","","","","","","","","","","","","","",""
"1588667539","1","","","","ZALLEN","BARRY","GRANT","DR.","","M.D.","","","","","","","","","","130 DRAPER RD","","WAYLAND","MA","017781728","US","6179196263","","300 LONGWOOD AVE","CHILDREN'S HOSPITAL, AU 105","BOSTON","MA","021155724","US","6179196263","","05/23/2005","10/22/2014","","","","M","","","","","","208000000X","47912","MA","Y","","","","","","","","","","","","","","","","","","","","","","","","","","","","","","","","","","","","","","","","","","","","","","","","","","","","","","","","","","","","","","","","","","","","","","","","","","","","","","","","","","","","","","","","","","","","","","","","","","","","","","","","","","","","","","","","","","","","","","","","","","","","","","","","","","","","","","","","","","","","","","","","","","","","","","","","","","","","","","","","","","","","","","","","","","","","","","","","","","","","","","","","","","","","","","","","","","","","","","","","","","","","","","","","","","","","","","","","","","","","","","","","","","","","","","","","","","","","","","","","","","","","","","","","","","","","","","","","","N","","","","","","","","","","","","","","","","","","","","",""
"1922001940","1","","","","TERENZI","THOMAS","","","","DO","","","","","","","","","","1000 ASYLUM AVE","STE 2109A","HARTFORD","CT","061051719","US","8607146581","8607148311","1000 ASYLUM AVE","STE 2112","HARTFORD","CT","061051719","US","8607144749","8607148439","05/23/2005","02/27/2009","","","","M","","","","","","207RR0500X","041490","CT","Y","","","","","","","","","","","","","","","","","","","","","","","","","","","","","","","","","","","","","","","","","","","","","","","","","","","","","","","","","001414903","05","CT","","","","","","","","","","","","","","","","","","","","","","","","","","","","","","","","","","","","","","","","","","","","","","","","","","","","","","","","","","","","","","","","","","","","","","","","","","","","","","","","","","","","","","","","","","","","","","","","","","","","","","","","","","","","","","","","","","","","","","","","","","","","","","","","","","","","","","","","","","","","","","","","","","","","","","","","","","","","","","","","","","","","","","","","","","","","","","","","","","","","","","","","","","","","","","","","","","","","","","N","","","","","","","","","","","","","","","","","","","","",""
"1710980735","1","","","","BILGRAMI","SYED","","","","MD","","","","","","","","","","1000 ASYLUM AVE","STE 2109A","HARTFORD","CT","061051719","US","8607146581","","94 WOODLAND ST","","HARTFORD","CT","061051217","US","8607144680","8607148047","05/23/2005","02/24/2014","","","","M","","","","","","207RH0000X","030148","CT","N","207RH0003X","030148","CT","Y","","","","","","","","","","","","","","","","","","","","","","","","","","","","","","","","","","","","","","","","","","","","","","","","","","","","","001301481","05","CT","","","","","","","","","","","","","","","","","","","","","","","","","","","","","","","","","","","","","","","","","","","","","","","","","","","","","","","","","","","","","","","","","","","","","","","","","","","","","","","","","","","","","","","","","","","","","","","","","","","","","","","","","","","","","","","","","","","","","","","","","","","","","","","","","","","","","","","","","","","","","","","","","","","","","","","","","","","","","","","","","","","","","","","","","","","","","","","","","","","","","","","","","","","","","","","","","","","","","","N","","","","","","","","","","","","","","","","","","","","",""
"1245233261","1","","","","GOLDSTEIN","JACK","D","","","M.D.1208","","","","","","","","","","400 MASSASOIT AVE","SUITE 201","E PROVIDENCE","RI","029142012","US","4019195222","4019195227","400 MASSASOIT AVE","SUITE 201","E PROVIDENCE","RI","029142012","US","4019195222","4019195227","05/23/2005","11/02/2009","","","","M","","","","","","207X00000X","RI8073","RI","Y","","","","","","","","","","","","","","","","","","","","","","","","","","","","","","","","","","","","","","","","","","","","","","","","","","","","","","","","","15131","01","RI","NEIGHBORHOOD HEALTH","61829","01","RI","HARVARD PILGRIM HEALTH CA","0900689","01","PR","UNITED HEALTHCARE","2797369003","01","RI","CIGNA","9020116","05","RI","","0000022384","01","RI","RI BLUE CROSS BLUE SHIELD","202113","01","RI","RI BLUE CHIP","2432493","01","RI","AETNA US HEALTHCARE","200042974","01","RI","RAILROAD MEDICARE","779577","01","RI","TUFTS","","","","","","","","","","","","","","","","","","","","","","","","","","","","","","","","","","","","","","","","","","","","","","","","","","","","","","","","","","","","","","","","","","","","","","","","","","","","","","","","","","","","","","","","","","","","","","","","","","","","","","","","","","","","","","","","","","","","","","","","","","","","","","","","","","","","","","","","","","","","","","","","","","","","","","","","","","","","","","","","","N","","","","","","","","","","","","","","","","","","","","",""
"1023011228","1","","","","HARADON","TRACY","A","","","O. D.","","","","","","","","","","453 SUMNER AVE","","SPRINGFIELD","MA","011082320","US","4137335155","4137335119","453 SUMNER AVE","","SPRINGFIELD","MA","011082320","US","4137335155","4137335119","05/23/2005","07/08/2007","","","","F","","","","","","152W00000X","3810","MA","X","152WC0802X","3810","MA","X","","","","","","","","","","","","","","","","","","","","","","","","","","","","","","","","","","","","","","","","","","","","","","","","","","","","","19101","01","MA","HEALTH NEW ENGLAND","2301488","01","MA","UNITED HEALTHCARE","970751","01","MA","NETWORK HEALTH","000000027519","01","MA","BOSTON MEDICAL CENTER HEA","2215920","01","MA","FIRST HEALTH","0392251","05","MA","","0030314","01","MA","NEIGHBORHOOD HEALTH PLAN","22-00401","01","MA","EVERCARE SENIOR OPTIONS","50449","01","MA","CHILDRENS MEDICAL SECURIT","2748922","01","MD","CIGNA","410106","01","MA","TUFTS HEALTH PLANS","5310173","01","MA","AETNA","AA11181","01","MA","HARVARD PILGRIM","W15973","01","MA","BLUE CROSS BLUE SHIELD","","","","","","","","","","","","","","","","","","","","","","","","","","","","","","","","","","","","","","","","","","","","","","","","","","","","","","","","","","","","","","","","","","","","","","","","","","","","","","","","","","","","","","","","","","","","","","","","","","","","","","","","","","","","","","","","","","","","","","","","","","","","","","","","","","","","","","","","","","","","","","","","","X","","","","","","","","","","","","","","","","","","","","",""
"1841293834","1","","","","WELLS","KEVIN","","DR.","","D.M.D.","","","","","","","","","","793 LYNNFIELD ST","","LYNN","MA","019041033","US","7815993380","7815993385","793 LYNNFIELD ST","","LYNN","MA","019041033","US","7815993380","7815993385","05/23/2005","07/08/2007","","","","M","","","","","","122300000X","10226","MA","Y","","","","","","","","","","","","","","","","","","","","","","","","","","","","","","","","","","","","","","","","","","","","","","","","","","","","","","","","","","","","","","","","","","","","","","","","","","","","","","","","","","","","","","","","","","","","","","","","","","","","","","","","","","","","","","","","","","","","","","","","","","","","","","","","","","","","","","","","","","","","","","","","","","","","","","","","","","","","","","","","","","","","","","","","","","","","","","","","","","","","","","","","","","","","","","","","","","","","","","","","","","","","","","","","","","","","","","","","","","","","","","","","","","","","","","","","","","","","","","","","","","","","","","","","","","","","","","","","","X","","","","","","","","","","","","","","","","","","","","",""
"1225031354","1","","","","MARSH","JONATHAN","H","","","MD","","","","","","","","","","280 CHESTNUT ST","2ND FLOOR","SPRINGFIELD","MA","011991001","US","4137945700","","40 WRIGHT ST","","PALMER","MA","010691138","US","4132845400","4132845559","05/23/2005","11/28/2016","","","","M","","","","","","207RH0003X","261665","MA","Y","207RX0202X","261665","MA","N","","","","","","","","","","","","","","","","","","","","","","","","","","","","","","","","","","","","","","","","","","","","","","","","","","","","","","","","","","","","","","","","","","","","","","","","","","","","","","","","","","","","","","","","","","","","","","","","","","","","","","","","","","","","","","","","","","","","","","","","","","","","","","","","","","","","","","","","","","","","","","","","","","","","","","","","","","","","","","","","","","","","","","","","","","","","","","","","","","","","","","","","","","","","","","","","","","","","","","","","","","","","","","","","","","","","","","","","","","","","","","","","","","","","","","","","","","","","","","","","","","","","","","","","","","","","","N","","","","","","","","","","","","","","","","","","","","",""
"1023011145","1","","","","THERRIEN","MICHAEL","","","","MD","","","","","","","","","","1000 ASYLUM AVE","STE 2109A","HARTFORD","CT","061051719","US","8607146581","8607148311","114 WOODLAND ST","","HARTFORD","CT","061051208","US","8607144161","8607148001","05/23/2005","07/08/2007","","","","M","","","","","","207RC0000X","026125","CT","Y","","","","","","","","","","","","","","","","","","","","","","","","","","","","","","","","","","","","","","","","","","","","","","","","","","","","","","","","","","","","","","","","","","","","","","","","","","","","","","","","","","","","","","","","","","","","","","","","","","","","","","","","","","","","","","","","","","","","","","","","","","","","","","","","","","","","","","","","","","","","","","","","","","","","","","","","","","","","","","","","","","","","","","","","","","","","","","","","","","","","","","","","","","","","","","","","","","","","","","","","","","","","","","","","","","","","","","","","","","","","","","","","","","","","","","","","","","","","","","","","","","","","","","","","","","","","","","","","","X","","","","","","","","","","","","","","","","","","","","",""
"1114920121","1","","","","BAKER","RICHARD","E","","JR.","D.P.M.","","","","","","","","","","289 PLEASANT ST STE 202","","FALL RIVER","MA","027213005","US","5086467720","5086467721","289 PLEASANT ST STE 202","","FALL RIVER","MA","027213005","US","5086467720","5086467721","05/23/2005","04/25/2018","","","","M","","","","","","213ES0103X","1924","MA","Y","213ES0103X","RIDPM265","RI","N","","","","","","","","","","","","","","","","","","","","","","","","","","","","","","","","","","","","","","","","","","","","","","","","","","","","","4100731001","01","RI","CIGNA","9007074","05","RI","","2700472","01","RI","UNITED HEALTHCARE","27507","01","RI","NEIGHBORHOOD HEALTH","0000023116","01","RI","RI BLUE CROSS","403424","01","RI","RI BLUE CHIP","480033069","01","RI","RAILROAD MEDICARE","2301915","01","RI","AETNA US HEALTHCARE","453013","01","RI","TUFTS","","","","","","","","","","","","","","","","","","","","","","","","","","","","","","","","","","","","","","","","","","","","","","","","","","","","","","","","","","","","","","","","","","","","","","","","","","","","","","","","","","","","","","","","","","","","","","","","","","","","","","","","","","","","","","","","","","","","","","","","","","","","","","","","","","","","","","","","","","","","","","","","","","","","","","","","","","","","","","","","","","","","","N","","","","","","","","","","","","","","","","","","","","",""
"1952304172","1","","","","CONNELLY","SHAWN","PATRICK","MR.","","SLP-CCC","","","","","","","","","","84A COCASSET ST","# A-4","FOXBORO","MA","020352035","US","6172759023","","224 OAK ST","","FRANKLIN","MA","020381875","US","5085417890","","05/23/2005","07/08/2007","","","","M","","","","","","235Z00000X","6520","MA","Y","","","","","","","","","","","","","","","","","","","","","","","","","","","","","","","","","","","","","","","","","","","","","","","","","","","","","","","","","","","","","","","","","","","","","","","","","","","","","","","","","","","","","","","","","","","","","","","","","","","","","","","","","","","","","","","","","","","","","","","","","","","","","","","","","","","","","","","","","","","","","","","","","","","","","","","","","","","","","","","","","","","","","","","","","","","","","","","","","","","","","","","","","","","","","","","","","","","","","","","","","","","","","","","","","","","","","","","","","","","","","","","","","","","","","","","","","","","","","","","","","","","","","","","","","","","","","","","","","X","","","","","","","","","","","","","","","","","","","","",""
"1346243557","1","","","","CORRIGAN","MICHAEL","J","","","MD","","","","","","","","","","49 STATE RD","","NORTH DARTMOUTH","MA","027473322","US","5089937344","5089902072","49 STATE RD","","NORTH DARTMOUTH","MA","027473322","US","5089937344","5089902072","05/23/2005","07/08/2007","","","","M","","","","","","208800000X","47516","MA","Y","","","","","","","","","","","","","","","","","","","","","","","","","","","","","","","","","","","","","","","","","","","","","","","","","","","","","","","","","9728686","05","MA","","","","","","","","","","","","","","","","","","","","","","","","","","","","","","","","","","","","","","","","","","","","","","","","","","","","","","","","","","","","","","","","","","","","","","","","","","","","","","","","","","","","","","","","","","","","","","","","","","","","","","","","","","","","","","","","","","","","","","","","","","","","","","","","","","","","","","","","","","","","","","","","","","","","","","","","","","","","","","","","","","","","","","","","","","","","","","","","","","","","","","","","","","","","","","","","","","","","","","Y","","","","","","","","","","","","","","","","","","","","",""
"1811990013","1","","","","DEUTSCH","PAUL","H","DR.","","MD, RPH","","","","","","","","","","86 NEW LONDON TPKE","","NORWICH","CT","063602616","US","8608896967","8608851033","86 NEW LONDON TPKE","","NORWICH","CT","063602616","US","8608896967","8608897113","05/23/2005","01/30/2018","","","","M","","","","","","207R00000X","025700","CT","Y","","","","","","","","","","","","","","","","","","","","","","","","","","","","","","","","","","","","","","","","","","","","","","","","","","","","","","","","","0443085","01","","UNITED HEALTHCARE","010025700CT01","01","CT","BLUE CROSS/BLUE SHIELD","736987","01","","CONNECTICARE","030043","01","","HEALTH NET OF THE NORTHEA","4310284","01","","AETNA","00125700500","01","","BLUECARE FAMILY PLAN","01025700","01","","CIGNA","104604600","01","","DEPT OF LABOR","001257005","05","CT","","NLP011","01","","OXFORD HEALTH PLANS","","","","","","","","","","","","","","","","","","","","","","","","","","","","","","","","","","","","","","","","","","","","","","","","","","","","","","","","","","","","","","","","","","","","","","","","","","","","","","","","","","","","","","","","","","","","","","","","","","","","","","","","","","","","","","","","","","","","","","","","","","","","","","","","","","","","","","","","","","","","","","","","","","","","","","","","","","","","","","","","","Y","","","","","","","","","","","","","","","","","","","","",""
"1417950411","1","","","","BADRIGIAN","ROBERT","JOHN","DR.","","DDS","","","","","","","","","","5 S MAIN ST","STE 515","BRANFORD","CT","064053846","US","2034887799","2034886899","5 S MAIN ST","STE 515","BRANFORD","CT","064053846","US","2034887799","2034886899","05/23/2005","07/08/2007","","","","M","","","","","","1223G0001X","007551","CT","Y","","","","","","","","","","","","","","","","","","","","","","","","","","","","","","","","","","","","","","","","","","","","","","","","","","","","","","","","","","","","","","","","","","","","","","","","","","","","","","","","","","","","","","","","","","","","","","","","","","","","","","","","","","","","","","","","","","","","","","","","","","","","","","","","","","","","","","","","","","","","","","","","","","","","","","","","","","","","","","","","","","","","","","","","","","","","","","","","","","","","","","","","","","","","","","","","","","","","","","","","","","","","","","","","","","","","","","","","","","","","","","","","","","","","","","","","","","","","","","","","","","","","","","","","","","","","","","","","","X","","","","","","","","","","","","","","","","","","","","",""
"1184627184","1","","","","REED","JESSICA","A","MS.","","LICSW","","","","","","","","","","8 OLD GREENDALE AVE","","NEEDHAM","MA","024924424","US","5089302342","7814496210","8 OLD GREENDALE AVE","","NEEDHAM","MA","024924424","US","5089302342","7814496210","05/23/2005","07/08/2007","","03/16/2006","03/20/2006","F","","","","","","1041C0700X","1020965","MA","Y","","","","","","","","","","","","","","","","","","","","","","","","","","","","","","","","","","","","","","","","","","","","","","","","","","","","","","","","","P07529","01","MA","BLUE CROSS BLUE SHIELD","","","","","","","","","","","","","","","","","","","","","","","","","","","","","","","","","","","","","","","","","","","","","","","","","","","","","","","","","","","","","","","","","","","","","","","","","","","","","","","","","","","","","","","","","","","","","","","","","","","","","","","","","","","","","","","","","","","","","","","","","","","","","","","","","","","","","","","","","","","","","","","","","","","","","","","","","","","","","","","","","","","","","","","","","","","","","","","","","","","","","","","","","","","","","","","","","","","","","N","","","","","","","","","","","","","","","","","","","","",""
"1174526172","1","","","","BOUTROS","MAHA","G","DR.","","D.M.D.","","","","","","","","","","50 ROLLINGWOOD LN","","CONCORD","MA","017424302","US","9783696176","9782875843","1 MEETING HOUSE RD","","CHELMSFORD","MA","018242733","US","9782564551","9782567074","05/23/2005","07/08/2007","","","","F","","","","","","1223G0001X","18863","MA","Y","","","","","","","","","","","","","","","","","","","","","","","","","","","","","","","","","","","","","","","","","","","","","","","","","","","","","","","","","","","","","","","","","","","","","","","","","","","","","","","","","","","","","","","","","","","","","","","","","","","","","","","","","","","","","","","","","","","","","","","","","","","","","","","","","","","","","","","","","","","","","","","","","","","","","","","","","","","","","","","","","","","","","","","","","","","","","","","","","","","","","","","","","","","","","","","","","","","","","","","","","","","","","","","","","","","","","","","","","","","","","","","","","","","","","","","","","","","","","","","","","","","","","","","","","","","","","","","","","X","","","","","","","","","","","","","","","","","","","","",""
